stock,year,bbmsy,ffmsy,bbmsy.effEdepP,ffmsy.effEdepP
Artemesia longinaris,1950,1.5134819228413,0.0762607808186594,1.5134819228413,0.0762607808186594
Artemesia longinaris,1951,2.06577538062929,0.0838082259134413,2.06577538062929,0.0838082259134413
Artemesia longinaris,1952,2.01300527907383,0.0573368159490902,2.01300527907383,0.0573368159490902
Artemesia longinaris,1953,2.31843579452446,0.087120721031369,2.31843579452446,0.087120721031369
Artemesia longinaris,1954,1.73151895870817,0.0499933797766128,1.73151895870817,0.0499933797766128
Artemesia longinaris,1955,2.08138119589003,0.0831798471745935,2.08138119589003,0.0831798471745935
Artemesia longinaris,1956,2.01969108626495,0.0857205198178971,2.01969108626495,0.0857205198178971
Artemesia longinaris,1957,1.14994806954842,0.0501845762635736,1.14994806954842,0.0501845762635736
Artemesia longinaris,1958,1.21769461235948,0.0710888296741083,1.21769461235948,0.0710888296741083
Artemesia longinaris,1959,1.18682960152552,0.0729375849589823,1.18682960152552,0.0729375849589823
Artemesia longinaris,1960,1.2401894901786,0.0697994020902693,1.2401894901786,0.0697994020902693
Artemesia longinaris,1961,1.53391411918687,0.0940562054184521,1.53391411918687,0.0940562054184521
Artemesia longinaris,1962,1.36375125059982,0.0846336992468666,1.36375125059982,0.0846336992468666
Artemesia longinaris,1963,1.30851089703783,0.0882066121513291,1.30851089703783,0.0882066121513291
Artemesia longinaris,1964,1.24450272013864,0.0927433193379809,1.24450272013864,0.0927433193379809
Artemesia longinaris,1965,1.08000081069902,0.106869654214518,1.08000081069902,0.106869654214518
Artemesia longinaris,1966,0.846396754725026,0.0681827479527023,0.846396754725026,0.0681827479527023
Artemesia longinaris,1967,1.1260713346326,0.102497337105611,1.1260713346326,0.102497337105611
Artemesia longinaris,1968,1.35238479071082,0.128017536854439,1.35238479071082,0.128017536854439
Artemesia longinaris,1969,1.23543541918161,0.0934239956203136,1.23543541918161,0.0934239956203136
Artemesia longinaris,1970,1.16982889114122,0.0739975611378988,1.16982889114122,0.0739975611378988
Artemesia longinaris,1971,1.38726058856236,0.124799169826933,1.38726058856236,0.124799169826933
Artemesia longinaris,1972,1.20371042460279,0.0958862786528501,1.20371042460279,0.0958862786528501
Artemesia longinaris,1973,1.27564095779227,0.113099333011537,1.27564095779227,0.113099333011537
Artemesia longinaris,1974,0.932753336115917,0.123740445326544,0.932753336115917,0.123740445326544
Artemesia longinaris,1975,0.553435454058582,0.0625651893157821,0.553435454058582,0.0625651893157821
Artemesia longinaris,1976,0.661434592756432,0.111242763781834,0.661434592756432,0.111242763781834
Artemesia longinaris,1977,0.694149409146556,0.216572474816126,0.694149409146556,0.216572474816126
Artemesia longinaris,1978,0.430154218379653,0.134160387436832,0.430154218379653,0.134160387436832
Artemesia longinaris,1979,0.212748301299866,0.0651018950481516,0.212748301299866,0.0651018950481516
Artemesia longinaris,1980,0.206798816255612,0.103252877975404,0.206798816255612,0.103252877975404
Artemesia longinaris,1981,0.265781885629948,0.123765034556111,0.265781885629948,0.123765034556111
Artemesia longinaris,1982,0.324244653637302,0.130816644536157,0.324244653637302,0.130816644536157
Artemesia longinaris,1983,0.421696321588174,0.214856417323137,0.421696321588174,0.214856417323137
Artemesia longinaris,1984,0.323971385993595,0.110441812567535,0.323971385993595,0.110441812567535
Artemesia longinaris,1985,0.460638063846013,0.268729883856314,0.460638063846013,0.268729883856314
Artemesia longinaris,1986,0.382949130806767,0.158986358266133,0.382949130806767,0.158986358266133
Artemesia longinaris,1987,0.336470217562244,0.252984481345576,0.336470217562244,0.252984481345576
Artemesia longinaris,1988,0.331732457287463,0.293999931281113,0.331732457287463,0.293999931281113
Artemesia longinaris,1989,0.232613055950375,0.219562250615143,0.232613055950375,0.219562250615143
Artemesia longinaris,1990,0.225759171101055,0.251790487488218,0.225759171101055,0.251790487488218
Artemesia longinaris,1991,0.203608705133899,0.211158428296572,0.203608705133899,0.211158428296572
Artemesia longinaris,1992,0.269183359159645,0.409480899715816,0.269183359159645,0.409480899715816
Artemesia longinaris,1993,0.229886499438886,0.251035431555403,0.229886499438886,0.251035431555403
Artemesia longinaris,1994,0.228022016753975,0.273335136713053,0.228022016753975,0.273335136713053
Artemesia longinaris,1995,0.22419016754374,0.32176732608123,0.22419016754374,0.32176732608123
Artemesia longinaris,1996,0.202671581923923,0.374439266238319,0.202671581923923,0.374439266238319
Artemesia longinaris,1997,0.14557956674819,0.352807715513729,0.14557956674819,0.352807715513729
Artemesia longinaris,1998,0.102759781798942,0.409966317338724,0.102759781798942,0.409966317338724
Artemesia longinaris,1999,0.0592656378747689,0.180142943752817,0.0592656378747689,0.180142943752817
Artemesia longinaris,2000,0.0647558936028827,0.169325665094956,0.0647558936028827,0.169325665094956
Artemesia longinaris,2001,0.138284673664559,0.590514927782789,0.138284673664559,0.590514927782789
Artemesia longinaris,2002,0.183731901689159,0.468004671679845,0.183731901689159,0.468004671679845
Artemesia longinaris,2003,0.206134441451859,0.579519794514203,0.206134441451859,0.579519794514203
Artemesia longinaris,2004,0.143226188167503,0.334429168206066,0.143226188167503,0.334429168206066
Artemesia longinaris,2005,0.133683521081994,0.390678213710463,0.133683521081994,0.390678213710463
Artemesia longinaris,2006,0.107254870965803,0.325526868158276,0.107254870965803,0.325526868158276
Artemesia longinaris,2007,0.107916223555719,0.278077016048608,0.107916223555719,0.278077016048608
Artemesia longinaris,2008,0.17114983276357,0.618739838319623,0.17114983276357,0.618739838319623
Artemesia longinaris,2009,0.168414265057421,0.37864470991324,0.168414265057421,0.37864470991324
Artemesia longinaris,2010,0.212573382594443,0.141170174098708,0.212573382594443,0.141170174098708
Artemesia longinaris,2011,1.04218340360523,0.92308126584767,1.04218340360523,0.92308126584767
Artemesia longinaris,2012,1.49221883148097,0.672342660972411,1.49221883148097,0.672342660972411
Artemesia longinaris,2013,1.52147925297421,0.593793620409181,1.52147925297421,0.593793620409181
Artemesia longinaris,2014,1.54032543206145,0.59720621823376,1.54032543206145,0.59720621823376
Artemesia longinaris,2015,1.48903443940741,0.553635579304259,1.48903443940741,0.553635579304259
Artemesia longinaris,2016,1.32843947486144,0.624691510261266,1.32843947486144,0.624691510261266
Artemesia longinaris,2017,1.26639362452079,0.668285197891624,1.26639362452079,0.668285197891624
Artemesia longinaris,2018,1.14093106529632,0.722299463349529,1.14093106529632,0.722299463349529
Artemesia longinaris,2019,0.930848601547753,0.894304181157394,0.930848601547753,0.894304181157394
Brevoortia aurea,1950,1.37118851926822,0.0565223538068054,1.37118851926822,0.0565223538068054
Brevoortia aurea,1951,0.875774412569841,0.0884963085350788,0.875774412569841,0.0884963085350788
Brevoortia aurea,1952,0.712411986436729,0.108789301832994,0.712411986436729,0.108789301832994
Brevoortia aurea,1953,0.759195871240475,0.12250246170903,0.759195871240475,0.12250246170903
Brevoortia aurea,1954,0.779695365619899,0.0994013893622277,0.779695365619899,0.0994013893622277
Brevoortia aurea,1955,1.0491048412699,0.147750347864364,1.0491048412699,0.147750347864364
Brevoortia aurea,1956,1.31702551063728,0.117693699925988,1.31702551063728,0.117693699925988
Brevoortia aurea,1957,1.84405954817943,0.16811344882745,1.84405954817943,0.16811344882745
Brevoortia aurea,1958,2.15237924068228,0.165636652371618,2.15237924068228,0.165636652371618
Brevoortia aurea,1959,2.15140449216276,0.194531124055421,2.15140449216276,0.194531124055421
Brevoortia aurea,1960,1.9177068659768,0.185905832839152,1.9177068659768,0.185905832839152
Brevoortia aurea,1961,1.99105859148956,0.233552552254908,1.99105859148956,0.233552552254908
Brevoortia aurea,1962,1.25328192796928,0.148415709300118,1.25328192796928,0.148415709300118
Brevoortia aurea,1963,1.17205213932115,0.19837718823703,1.17205213932115,0.19837718823703
Brevoortia aurea,1964,1.15682676174754,0.214387302049838,1.15682676174754,0.214387302049838
Brevoortia aurea,1965,1.12063221324238,0.179815718695013,1.12063221324238,0.179815718695013
Brevoortia aurea,1966,1.21305019220751,0.217228875282524,1.21305019220751,0.217228875282524
Brevoortia aurea,1967,1.28730282305677,0.240822287448646,1.28730282305677,0.240822287448646
Brevoortia aurea,1968,1.1977745155529,0.181175876196673,1.1977745155529,0.181175876196673
Brevoortia aurea,1969,1.37612677848683,0.225278088715429,1.37612677848683,0.225278088715429
Brevoortia aurea,1970,1.47095026088508,0.168604591864906,1.47095026088508,0.168604591864906
Brevoortia aurea,1971,1.82355074075906,0.212505199031773,1.82355074075906,0.212505199031773
Brevoortia aurea,1972,2.59990364936839,0.375604424138286,2.59990364936839,0.375604424138286
Brevoortia aurea,1973,3.21251835604591,0.550055658500416,3.21251835604591,0.550055658500416
Brevoortia aurea,1974,2.68155007742344,0.47665573415979,2.68155007742344,0.47665573415979
Brevoortia aurea,1975,2.55480541053004,0.353415429145308,2.55480541053004,0.353415429145308
Brevoortia aurea,1976,1.63025598487577,0.177325190928066,1.63025598487577,0.177325190928066
Brevoortia aurea,1977,1.92094819139971,0.310100263827488,1.92094819139971,0.310100263827488
Brevoortia aurea,1978,1.98248219219335,0.291718087275649,1.98248219219335,0.291718087275649
Brevoortia aurea,1979,1.91132889913261,0.290980852048648,1.91132889913261,0.290980852048648
Brevoortia aurea,1980,1.89639619723333,0.345011586022309,1.89639619723333,0.345011586022309
Brevoortia aurea,1981,1.69745699773234,0.292029739917976,1.69745699773234,0.292029739917976
Brevoortia aurea,1982,1.54317287675921,0.269898510764923,1.54317287675921,0.269898510764923
Brevoortia aurea,1983,1.47518841477001,0.246716390576604,1.47518841477001,0.246716390576604
Brevoortia aurea,1984,1.94299608195242,0.484802348196262,1.94299608195242,0.484802348196262
Brevoortia aurea,1985,1.81616962011077,0.311091775160985,1.81616962011077,0.311091775160985
Brevoortia aurea,1986,2.09432798333494,0.579514717234705,2.09432798333494,0.579514717234705
Brevoortia aurea,1987,1.23615268592069,0.520383338634841,1.23615268592069,0.520383338634841
Brevoortia aurea,1988,1.29061823466159,0.456507036479483,1.29061823466159,0.456507036479483
Brevoortia aurea,1989,1.14084945916359,0.573501310342762,1.14084945916359,0.573501310342762
Brevoortia aurea,1990,1.06161535168224,0.536583799742875,1.06161535168224,0.536583799742875
Brevoortia aurea,1991,1.00867658461464,0.57519525016957,1.00867658461464,0.57519525016957
Brevoortia aurea,1992,0.98849751681257,0.592268732139772,0.98849751681257,0.592268732139772
Brevoortia aurea,1993,1.09840584863637,0.499136841294151,1.09840584863637,0.499136841294151
Brevoortia aurea,1994,1.25808840239071,0.490734454361805,1.25808840239071,0.490734454361805
Brevoortia aurea,1995,1.83110122752506,0.967313562186365,1.83110122752506,0.967313562186365
Brevoortia aurea,1996,1.23036546660763,0.846734324977541,1.23036546660763,0.846734324977541
Brevoortia aurea,1997,0.812503086225129,0.627460306662333,0.812503086225129,0.627460306662333
Brevoortia aurea,1998,0.635978042694379,0.740932875520116,0.635978042694379,0.740932875520116
Brevoortia aurea,1999,0.421322023966481,0.885542341958246,0.421322023966481,0.885542341958246
Brevoortia aurea,2000,0.287874657013923,0.750596860283637,0.287874657013923,0.750596860283637
Brevoortia aurea,2001,0.173450959679175,0.544236905740324,0.173450959679175,0.544236905740324
Brevoortia aurea,2002,0.18452962439623,0.695523234070497,0.18452962439623,0.695523234070497
Brevoortia aurea,2003,0.196692477349321,0.811702488842955,0.196692477349321,0.811702488842955
Brevoortia aurea,2004,0.203496289339206,0.876730736540557,0.203496289339206,0.876730736540557
Brevoortia aurea,2005,0.211711252795161,0.758513328471805,0.211711252795161,0.758513328471805
Brevoortia aurea,2006,0.207159330425339,0.737768009080747,0.207159330425339,0.737768009080747
Brevoortia aurea,2007,0.215736690347666,1.11941428498177,0.215736690347666,1.11941428498177
Brevoortia aurea,2008,0.194478731171831,0.833694574764462,0.194478731171831,0.833694574764462
Brevoortia aurea,2009,0.191877891176154,0.945166517224074,0.191877891176154,0.945166517224074
Brevoortia aurea,2010,0.169507360753514,0.939137721676189,0.169507360753514,0.939137721676189
Brevoortia aurea,2011,0.16706303666438,0.816487808063657,0.16706303666438,0.816487808063657
Brevoortia aurea,2012,0.177392688276163,1.11409409602156,0.177392688276163,1.11409409602156
Brevoortia aurea,2013,0.168256702939714,0.97467695184017,0.168256702939714,0.97467695184017
Brevoortia aurea,2014,0.167840598367544,1.26985192666867,0.167840598367544,1.26985192666867
Brevoortia aurea,2015,0.131517603947975,1.0524827196326,0.131517603947975,1.0524827196326
Brevoortia aurea,2016,0.129720695460626,1.04794316216172,0.129720695460626,1.04794316216172
Brevoortia aurea,2017,0.123898970766472,1.05339631804764,0.123898970766472,1.05339631804764
Brevoortia aurea,2018,0.164314944359186,0.791466067232926,0.164314944359186,0.791466067232926
Brevoortia aurea,2019,0.301413460111471,0.455636474214625,0.301413460111471,0.455636474214625
Callorhinchus callorynchus,1950,1.50764961147269,0.134061867325183,1.50764961147269,0.134061867325183
Callorhinchus callorynchus,1951,1.1550758744074,0.0874913616777821,1.1550758744074,0.0874913616777821
Callorhinchus callorynchus,1952,1.06813275899559,0.0946129217009393,1.06813275899559,0.0946129217009393
Callorhinchus callorynchus,1953,1.13071975095678,0.0893759581076961,1.13071975095678,0.0893759581076961
Callorhinchus callorynchus,1954,1.42106549790284,0.142230124145857,1.42106549790284,0.142230124145857
Callorhinchus callorynchus,1955,1.25951648386309,0.0802364735895293,1.25951648386309,0.0802364735895293
Callorhinchus callorynchus,1956,1.58468064076696,0.127545145050989,1.58468064076696,0.127545145050989
Callorhinchus callorynchus,1957,1.77923620079656,0.113598364340625,1.77923620079656,0.113598364340625
Callorhinchus callorynchus,1958,2.14004861408559,0.141668502894602,2.14004861408559,0.141668502894602
Callorhinchus callorynchus,1959,2.09854890028851,0.144470058923808,2.09854890028851,0.144470058923808
Callorhinchus callorynchus,1960,1.92724497019385,0.131092780959357,1.92724497019385,0.131092780959357
Callorhinchus callorynchus,1961,2.00807251516906,0.150979350092668,2.00807251516906,0.150979350092668
Callorhinchus callorynchus,1962,2.01741326879472,0.150280305958483,2.01741326879472,0.150280305958483
Callorhinchus callorynchus,1963,2.09466336850339,0.144738046140459,2.09466336850339,0.144738046140459
Callorhinchus callorynchus,1964,2.46654230213063,0.204859979506051,2.46654230213063,0.204859979506051
Callorhinchus callorynchus,1965,2.26363117344313,0.178578846728534,2.26363117344313,0.178578846728534
Callorhinchus callorynchus,1966,2.1667311611611,0.209885856201497,2.1667311611611,0.209885856201497
Callorhinchus callorynchus,1967,1.73362523264909,0.174880636004529,1.73362523264909,0.174880636004529
Callorhinchus callorynchus,1968,1.4953371972143,0.202748573260915,1.4953371972143,0.202748573260915
Callorhinchus callorynchus,1969,1.23243596972999,0.163999045102843,1.23243596972999,0.163999045102843
Callorhinchus callorynchus,1970,1.02439378479208,0.147978974384694,1.02439378479208,0.147978974384694
Callorhinchus callorynchus,1971,1.01067442393031,0.149987709246751,1.01067442393031,0.149987709246751
Callorhinchus callorynchus,1972,1.17491617990236,0.129020898879939,1.17491617990236,0.129020898879939
Callorhinchus callorynchus,1973,2.0788857946429,0.291673052998328,2.0788857946429,0.291673052998328
Callorhinchus callorynchus,1974,1.96012136377021,0.180451614049736,1.96012136377021,0.180451614049736
Callorhinchus callorynchus,1975,2.02964550539201,0.190950528928461,2.02964550539201,0.190950528928461
Callorhinchus callorynchus,1976,2.21995898595274,0.20371536084814,2.21995898595274,0.20371536084814
Callorhinchus callorynchus,1977,2.32447774509999,0.231292701402887,2.32447774509999,0.231292701402887
Callorhinchus callorynchus,1978,2.49446650276323,0.221405384582943,2.49446650276323,0.221405384582943
Callorhinchus callorynchus,1979,2.71479377904245,0.231541705617336,2.71479377904245,0.231541705617336
Callorhinchus callorynchus,1980,3.03499362364315,0.28086847273066,3.03499362364315,0.28086847273066
Callorhinchus callorynchus,1981,2.71179893477557,0.227511771083493,2.71179893477557,0.227511771083493
Callorhinchus callorynchus,1982,3.02852565890602,0.314003186035145,3.02852565890602,0.314003186035145
Callorhinchus callorynchus,1983,2.33771697735855,0.304338164536506,2.33771697735855,0.304338164536506
Callorhinchus callorynchus,1984,1.55175813853163,0.235103372418049,1.55175813853163,0.235103372418049
Callorhinchus callorynchus,1985,1.64124492628256,0.388536345968518,1.64124492628256,0.388536345968518
Callorhinchus callorynchus,1986,1.24405082713295,0.317624739484721,1.24405082713295,0.317624739484721
Callorhinchus callorynchus,1987,0.929656473212715,0.371774242311091,0.929656473212715,0.371774242311091
Callorhinchus callorynchus,1988,1.0008705880959,0.464972637190674,1.0008705880959,0.464972637190674
Callorhinchus callorynchus,1989,0.875388665128276,0.449657904126255,0.875388665128276,0.449657904126255
Callorhinchus callorynchus,1990,0.813922040921048,0.527693578809421,0.813922040921048,0.527693578809421
Callorhinchus callorynchus,1991,0.680542357316959,0.479648455119669,0.680542357316959,0.479648455119669
Callorhinchus callorynchus,1992,0.633884702815495,0.389005054029258,0.633884702815495,0.389005054029258
Callorhinchus callorynchus,1993,0.757787319183957,0.476765039162628,0.757787319183957,0.476765039162628
Callorhinchus callorynchus,1994,0.921647692161142,0.626104545966214,0.921647692161142,0.626104545966214
Callorhinchus callorynchus,1995,0.86258547387724,0.539514576731398,0.86258547387724,0.539514576731398
Callorhinchus callorynchus,1996,0.924467124321979,0.445463197792182,0.924467124321979,0.445463197792182
Callorhinchus callorynchus,1997,1.20433574712847,0.598717688251139,1.20433574712847,0.598717688251139
Callorhinchus callorynchus,1998,1.35640802457283,0.680975573468349,1.35640802457283,0.680975573468349
Callorhinchus callorynchus,1999,1.28393085491383,0.793404364354489,1.28393085491383,0.793404364354489
Callorhinchus callorynchus,2000,0.910866012540494,0.799383494005505,0.910866012540494,0.799383494005505
Callorhinchus callorynchus,2001,0.547254178932309,0.425654796778284,0.547254178932309,0.425654796778284
Callorhinchus callorynchus,2002,0.604352690585003,0.474901530142053,0.604352690585003,0.474901530142053
Callorhinchus callorynchus,2003,0.975069798014398,0.888738742741959,0.975069798014398,0.888738742741959
Callorhinchus callorynchus,2004,1.13329145633847,0.733894966863199,1.13329145633847,0.733894966863199
Callorhinchus callorynchus,2005,1.24377737514343,0.761735704621705,1.24377737514343,0.761735704621705
Callorhinchus callorynchus,2006,1.18513036541275,0.6455136682014,1.18513036541275,0.6455136682014
Callorhinchus callorynchus,2007,1.25457308818885,0.681475245162102,1.25457308818885,0.681475245162102
Callorhinchus callorynchus,2008,1.52089044815039,0.894713755203669,1.52089044815039,0.894713755203669
Callorhinchus callorynchus,2009,1.46708079416447,0.958183718576336,1.46708079416447,0.958183718576336
Callorhinchus callorynchus,2010,1.27573751095887,0.84721795714691,1.27573751095887,0.84721795714691
Callorhinchus callorynchus,2011,1.21970588567038,0.962364919187643,1.21970588567038,0.962364919187643
Callorhinchus callorynchus,2012,0.944705067946749,0.857398995351337,0.944705067946749,0.857398995351337
Callorhinchus callorynchus,2013,0.756403286450079,0.876447932797571,0.756403286450079,0.876447932797571
Callorhinchus callorynchus,2014,0.687184922258239,0.677223003240817,0.687184922258239,0.677223003240817
Callorhinchus callorynchus,2015,0.915786333325078,1.47927306311041,0.915786333325078,1.47927306311041
Callorhinchus callorynchus,2016,0.697405011601423,1.35778252764139,0.697405011601423,1.35778252764139
Callorhinchus callorynchus,2017,0.494957645318139,0.899401411061719,0.494957645318139,0.899401411061719
Callorhinchus callorynchus,2018,0.502714859903505,0.998098076757358,0.502714859903505,0.998098076757358
Callorhinchus callorynchus,2019,0.587778412275687,1.07114953605075,0.587778412275687,1.07114953605075
Cynoscion guatucupa,1950,1.33680045823766,0.0217229533397272,1.33680045823766,0.0217229533397272
Cynoscion guatucupa,1951,0.685640510274413,0.0211767344137822,0.685640510274413,0.0211767344137822
Cynoscion guatucupa,1952,0.538456137239949,0.0314595073756792,0.538456137239949,0.0314595073756792
Cynoscion guatucupa,1953,0.394158020104514,0.0184185355223285,0.394158020104514,0.0184185355223285
Cynoscion guatucupa,1954,0.507801372968732,0.0381241636653482,0.507801372968732,0.0381241636653482
Cynoscion guatucupa,1955,0.497984632051043,0.0291567772475418,0.497984632051043,0.0291567772475418
Cynoscion guatucupa,1956,0.51765862537496,0.0327234281254561,0.51765862537496,0.0327234281254561
Cynoscion guatucupa,1957,0.535132683472944,0.0316548873655861,0.535132683472944,0.0316548873655861
Cynoscion guatucupa,1958,0.620512692143098,0.0389990061800458,0.620512692143098,0.0389990061800458
Cynoscion guatucupa,1959,0.619272952307945,0.0390770793807445,0.619272952307945,0.0390770793807445
Cynoscion guatucupa,1960,0.600696231141217,0.0402855504348862,0.600696231141217,0.0402855504348862
Cynoscion guatucupa,1961,0.599085004790807,0.0403938975640622,0.599085004790807,0.0403938975640622
Cynoscion guatucupa,1962,0.607886621111049,0.0398090325979799,0.607886621111049,0.0398090325979799
Cynoscion guatucupa,1963,0.686220426720935,0.035264730359778,0.686220426720935,0.035264730359778
Cynoscion guatucupa,1964,1.02014863508333,0.0569314175996532,1.02014863508333,0.0569314175996532
Cynoscion guatucupa,1965,1.19256252159462,0.0466714064195592,1.19256252159462,0.0466714064195592
Cynoscion guatucupa,1966,1.52153464634412,0.0461232987918544,1.52153464634412,0.0461232987918544
Cynoscion guatucupa,1967,2.30968596947544,0.0733414197637745,2.30968596947544,0.0733414197637745
Cynoscion guatucupa,1968,2.20007566074671,0.0560966295895972,2.20007566074671,0.0560966295895972
Cynoscion guatucupa,1969,2.31038563466527,0.0565605329880933,2.31038563466527,0.0565605329880933
Cynoscion guatucupa,1970,1.96622994246624,0.0529222572141939,1.96622994246624,0.0529222572141939
Cynoscion guatucupa,1971,1.53875209224968,0.0377439018605873,1.53875209224968,0.0377439018605873
Cynoscion guatucupa,1972,1.90344149617839,0.0584820392303358,1.90344149617839,0.0584820392303358
Cynoscion guatucupa,1973,2.12665387296592,0.064860792888236,2.12665387296592,0.064860792888236
Cynoscion guatucupa,1974,1.64561863866426,0.0573508182356147,1.64561863866426,0.0573508182356147
Cynoscion guatucupa,1975,1.1968926225207,0.0399113269614435,1.1968926225207,0.0399113269614435
Cynoscion guatucupa,1976,1.36929168854613,0.0712925470460756,1.36929168854613,0.0712925470460756
Cynoscion guatucupa,1977,1.11122442068364,0.0449481814059185,1.11122442068364,0.0449481814059185
Cynoscion guatucupa,1978,1.48151295220589,0.0588195743986135,1.48151295220589,0.0588195743986135
Cynoscion guatucupa,1979,2.06152498331298,0.0692224130596105,2.06152498331298,0.0692224130596105
Cynoscion guatucupa,1980,2.64144963667682,0.0825442195061635,2.64144963667682,0.0825442195061635
Cynoscion guatucupa,1981,2.68975967050205,0.0744219863293539,2.68975967050205,0.0744219863293539
Cynoscion guatucupa,1982,3.41370350267346,0.10651061491088,3.41370350267346,0.10651061491088
Cynoscion guatucupa,1983,2.08308966868588,0.0828528741426422,2.08308966868588,0.0828528741426422
Cynoscion guatucupa,1984,1.44213982316011,0.0581097933510952,1.44213982316011,0.0581097933510952
Cynoscion guatucupa,1985,2.03620504157966,0.0966451513696717,2.03620504157966,0.0966451513696717
Cynoscion guatucupa,1986,2.54734818200506,0.118871390649797,2.54734818200506,0.118871390649797
Cynoscion guatucupa,1987,2.03696966729462,0.122923267563897,2.03696966729462,0.122923267563897
Cynoscion guatucupa,1988,2.63319280209247,0.162518219628475,2.63319280209247,0.162518219628475
Cynoscion guatucupa,1989,1.85278481848929,0.131681849799306,1.85278481848929,0.131681849799306
Cynoscion guatucupa,1990,1.53449031595384,0.149628641557443,1.53449031595384,0.149628641557443
Cynoscion guatucupa,1991,1.18995199124251,0.108169484322414,1.18995199124251,0.108169484322414
Cynoscion guatucupa,1992,1.48053936103232,0.166277427054568,1.48053936103232,0.166277427054568
Cynoscion guatucupa,1993,1.44532020847655,0.107274094667246,1.44532020847655,0.107274094667246
Cynoscion guatucupa,1994,2.14046907796899,0.17763425597198,2.14046907796899,0.17763425597198
Cynoscion guatucupa,1995,2.39006662923899,0.194581877668792,2.39006662923899,0.194581877668792
Cynoscion guatucupa,1996,2.55318729749521,0.179809137573751,2.55318729749521,0.179809137573751
Cynoscion guatucupa,1997,2.77244857137679,0.210636692612885,2.77244857137679,0.210636692612885
Cynoscion guatucupa,1998,2.14245599259917,0.193068130677539,2.14245599259917,0.193068130677539
Cynoscion guatucupa,1999,1.63786382856411,0.171138402437474,1.63786382856411,0.171138402437474
Cynoscion guatucupa,2000,1.39440382228653,0.163706332414911,1.39440382228653,0.163706332414911
Cynoscion guatucupa,2001,1.5137468780205,0.189343040724077,1.5137468780205,0.189343040724077
Cynoscion guatucupa,2002,1.82534878795237,0.228676885931212,1.82534878795237,0.228676885931212
Cynoscion guatucupa,2003,1.89287824352149,0.200242600841263,1.89287824352149,0.200242600841263
Cynoscion guatucupa,2004,2.23924172757777,0.236229168154513,2.23924172757777,0.236229168154513
Cynoscion guatucupa,2005,2.21987307788491,0.211331518320347,2.21987307788491,0.211331518320347
Cynoscion guatucupa,2006,2.1673546336019,0.228298904456864,2.1673546336019,0.228298904456864
Cynoscion guatucupa,2007,1.99004989918245,0.227638695017517,1.99004989918245,0.227638695017517
Cynoscion guatucupa,2008,2.0458186133117,0.247279011148741,2.0458186133117,0.247279011148741
Cynoscion guatucupa,2009,1.86821321387746,0.253805408930506,1.86821321387746,0.253805408930506
Cynoscion guatucupa,2010,1.81568989470695,0.250218459563552,1.81568989470695,0.250218459563552
Cynoscion guatucupa,2011,1.90860999944552,0.244655117658991,1.90860999944552,0.244655117658991
Cynoscion guatucupa,2012,1.90426943545822,0.270577867555593,1.90426943545822,0.270577867555593
Cynoscion guatucupa,2013,1.79761796261429,0.291235046249855,1.79761796261429,0.291235046249855
Cynoscion guatucupa,2014,1.71654010100553,0.292260758469086,1.71654010100553,0.292260758469086
Cynoscion guatucupa,2015,1.63353718753561,0.334768963541542,1.63353718753561,0.334768963541542
Cynoscion guatucupa,2016,1.23912618062308,0.306357539348635,1.23912618062308,0.306357539348635
Cynoscion guatucupa,2017,1.18453813387035,0.363602085021362,1.18453813387035,0.363602085021362
Cynoscion guatucupa,2018,1.09515903658125,0.334499535415804,1.09515903658125,0.334499535415804
Cynoscion guatucupa,2019,1.07989879406726,0.351125550756806,1.07989879406726,0.351125550756806
Elasmobranchii,1950,1.17189695387907,0.0749292926150945,1.17189695387907,0.0749292926150945
Elasmobranchii,1951,0.845641962733805,0.103837573868816,0.845641962733805,0.103837573868816
Elasmobranchii,1952,0.785037541682852,0.111853771456215,0.785037541682852,0.111853771456215
Elasmobranchii,1953,0.851853540502866,0.103080407132084,0.851853540502866,0.103080407132084
Elasmobranchii,1954,1.03150060343932,0.140210546335657,1.03150060343932,0.140210546335657
Elasmobranchii,1955,1.12881493865676,0.128123094584386,1.12881493865676,0.128123094584386
Elasmobranchii,1956,1.27656372963292,0.153756410730645,1.27656372963292,0.153756410730645
Elasmobranchii,1957,1.37321604477599,0.142934433284532,1.37321604477599,0.142934433284532
Elasmobranchii,1958,1.25945997698898,0.164046797602835,1.25945997698898,0.164046797602835
Elasmobranchii,1959,1.25819859006115,0.147790134092859,1.25819859006115,0.147790134092859
Elasmobranchii,1960,1.51109605625853,0.174329241496451,1.51109605625853,0.174329241496451
Elasmobranchii,1961,1.44880634217494,0.178259138160435,1.44880634217494,0.178259138160435
Elasmobranchii,1962,1.59229590774375,0.204366123478345,1.59229590774375,0.204366123478345
Elasmobranchii,1963,1.6965703532268,0.182671802151634,1.6965703532268,0.182671802151634
Elasmobranchii,1964,2.01429347014599,0.215401477437107,2.01429347014599,0.215401477437107
Elasmobranchii,1965,2.04256026316044,0.237708718906336,2.04256026316044,0.237708718906336
Elasmobranchii,1966,2.12438644830905,0.226121346438106,2.12438644830905,0.226121346438106
Elasmobranchii,1967,2.20008499367429,0.255905238224379,2.20008499367429,0.255905238224379
Elasmobranchii,1968,2.29381634823806,0.234189183384703,2.29381634823806,0.234189183384703
Elasmobranchii,1969,2.63377967647264,0.207882800948001,2.63377967647264,0.207882800948001
Elasmobranchii,1970,2.63274465530849,0.233469610189589,2.63274465530849,0.233469610189589
Elasmobranchii,1971,2.54072509358721,0.239892387627306,2.54072509358721,0.239892387627306
Elasmobranchii,1972,2.07845346527545,0.181415625790567,2.07845346527545,0.181415625790567
Elasmobranchii,1973,2.33029181453571,0.263772058318826,2.33029181453571,0.263772058318826
Elasmobranchii,1974,2.52938911284253,0.257365558612065,2.52938911284253,0.257365558612065
Elasmobranchii,1975,2.48941871541323,0.276312534255222,2.48941871541323,0.276312534255222
Elasmobranchii,1976,2.38968896853642,0.285660891887517,2.38968896853642,0.285660891887517
Elasmobranchii,1977,2.03523019951793,0.266177460332112,2.03523019951793,0.266177460332112
Elasmobranchii,1978,2.0218138509311,0.207319185187613,2.0218138509311,0.207319185187613
Elasmobranchii,1979,2.75807865286695,0.333522412530143,2.75807865286695,0.333522412530143
Elasmobranchii,1980,2.82971393805308,0.312976999028515,2.82971393805308,0.312976999028515
Elasmobranchii,1981,3.0196650738945,0.351550283084768,3.0196650738945,0.351550283084768
Elasmobranchii,1982,3.38426498584139,0.385273149525912,3.38426498584139,0.385273149525912
Elasmobranchii,1983,3.0078793169398,0.393609244901562,3.0078793169398,0.393609244901562
Elasmobranchii,1984,2.59581526073595,0.402624409552835,2.59581526073595,0.402624409552835
Elasmobranchii,1985,2.83372650976261,0.435735507615693,2.83372650976261,0.435735507615693
Elasmobranchii,1986,2.64858888470088,0.416990258826006,2.64858888470088,0.416990258826006
Elasmobranchii,1987,2.15572091974925,0.560632586042912,2.15572091974925,0.560632586042912
Elasmobranchii,1988,2.02652775749957,0.527784660070944,2.02652775749957,0.527784660070944
Elasmobranchii,1989,1.92701359402705,0.564207462847475,1.92701359402705,0.564207462847475
Elasmobranchii,1990,1.8204871083951,0.605961143376631,1.8204871083951,0.605961143376631
Elasmobranchii,1991,1.62809545486037,0.666622034685484,1.62809545486037,0.666622034685484
Elasmobranchii,1992,1.41084496601423,0.644648346749828,1.41084496601423,0.644648346749828
Elasmobranchii,1993,1.2137886508906,0.599002068752422,1.2137886508906,0.599002068752422
Elasmobranchii,1994,1.06228138561778,0.640332231533048,1.06228138561778,0.640332231533048
Elasmobranchii,1995,0.986327086564191,0.694407976371209,0.986327086564191,0.694407976371209
Elasmobranchii,1996,0.893879477401745,0.616794324199522,0.893879477401745,0.616794324199522
Elasmobranchii,1997,0.914150463893074,0.706348793652425,0.914150463893074,0.706348793652425
Elasmobranchii,1998,0.921568844495605,0.727902469870068,0.921568844495605,0.727902469870068
Elasmobranchii,1999,0.913520351722183,0.822238957557919,0.913520351722183,0.822238957557919
Elasmobranchii,2000,0.863316573335938,0.864489752100602,0.863316573335938,0.864489752100602
Elasmobranchii,2001,0.780613267037624,0.801971303223818,0.780613267037624,0.801971303223818
Elasmobranchii,2002,0.708217390109598,0.864623645544171,0.708217390109598,0.864623645544171
Elasmobranchii,2003,0.64806062727997,0.801576451068053,0.64806062727997,0.801576451068053
Elasmobranchii,2004,0.66952672560482,0.831191685552895,0.66952672560482,0.831191685552895
Elasmobranchii,2005,0.705205727599537,0.947347170387572,0.705205727599537,0.947347170387572
Elasmobranchii,2006,0.611301691794783,0.876308800373262,0.611301691794783,0.876308800373262
Elasmobranchii,2007,0.570624423279945,0.917685918164382,0.570624423279945,0.917685918164382
Elasmobranchii,2008,0.572974346461514,0.895441862635856,0.572974346461514,0.895441862635856
Elasmobranchii,2009,0.561110884528277,1.00265396587558,0.561110884528277,1.00265396587558
Elasmobranchii,2010,0.593385475771914,1.06502351876065,0.593385475771914,1.06502351876065
Elasmobranchii,2011,0.569998106637364,0.979408930087531,0.569998106637364,0.979408930087531
Elasmobranchii,2012,0.551904841141237,1.1593888775181,0.551904841141237,1.1593888775181
Elasmobranchii,2013,0.480161827072428,1.13737253858191,0.480161827072428,1.13737253858191
Elasmobranchii,2014,0.473633825306034,1.20823103876373,0.473633825306034,1.20823103876373
Elasmobranchii,2015,0.43492213432568,1.17587101843759,0.43492213432568,1.17587101843759
Elasmobranchii,2016,0.397137515550876,1.28150322895945,0.397137515550876,1.28150322895945
Elasmobranchii,2017,0.410588704819689,1.3228006989987,0.410588704819689,1.3228006989987
Elasmobranchii,2018,0.410482584398519,1.2371981744119,0.410482584398519,1.2371981744119
Elasmobranchii,2019,0.442484554956597,1.17122171833378,0.442484554956597,1.17122171833378
Pagrus pagrus,1950,1.25357488193921,0.0130650809743967,1.25357488193921,0.0130650809743967
Pagrus pagrus,1951,0.534369636162079,0.0204328692246753,0.534369636162079,0.0204328692246753
Pagrus pagrus,1952,0.547056157811621,0.039918040359933,0.547056157811621,0.039918040359933
Pagrus pagrus,1953,0.63233109267951,0.0431684643525473,0.63233109267951,0.0431684643525473
Pagrus pagrus,1954,0.756449984207299,0.0505194896219433,0.756449984207299,0.0505194896219433
Pagrus pagrus,1955,0.791483163740934,0.0413857377902897,0.791483163740934,0.0413857377902897
Pagrus pagrus,1956,0.931980584026047,0.0468623706565626,0.931980584026047,0.0468623706565626
Pagrus pagrus,1957,1.11705463359539,0.0488727433957004,1.11705463359539,0.0488727433957004
Pagrus pagrus,1958,1.43373449761149,0.0609245570168086,1.43373449761149,0.0609245570168086
Pagrus pagrus,1959,1.48786043952746,0.0623774845595335,1.48786043952746,0.0623774845595335
Pagrus pagrus,1960,1.3565793595955,0.0603652754413466,1.3565793595955,0.0603652754413466
Pagrus pagrus,1961,1.27058190935672,0.0558575415595385,1.27058190935672,0.0558575415595385
Pagrus pagrus,1962,1.30106307446834,0.0587449876591047,1.30106307446834,0.0587449876591047
Pagrus pagrus,1963,1.41206705889018,0.0657256261372662,1.41206705889018,0.0657256261372662
Pagrus pagrus,1964,1.57649766410926,0.0761851771563323,1.57649766410926,0.0761851771563323
Pagrus pagrus,1965,1.61904099864542,0.0708113021695921,1.61904099864542,0.0708113021695921
Pagrus pagrus,1966,1.85866519725584,0.0910545514579996,1.85866519725584,0.0910545514579996
Pagrus pagrus,1967,1.73453049579166,0.0786863139609548,1.73453049579166,0.0786863139609548
Pagrus pagrus,1968,1.67134886844907,0.0881937450897565,1.67134886844907,0.0881937450897565
Pagrus pagrus,1969,1.504881396355,0.065299726794451,1.504881396355,0.065299726794451
Pagrus pagrus,1970,1.50929864953019,0.0759600503291551,1.50929864953019,0.0759600503291551
Pagrus pagrus,1971,1.40999216368146,0.0735661510457418,1.40999216368146,0.0735661510457418
Pagrus pagrus,1972,1.38942314820593,0.0628675571293638,1.38942314820593,0.0628675571293638
Pagrus pagrus,1973,1.78318693708179,0.110216536467961,1.78318693708179,0.110216536467961
Pagrus pagrus,1974,1.41674551230494,0.0616551373468515,1.41674551230494,0.0616551373468515
Pagrus pagrus,1975,1.59901369301297,0.0720054766280889,1.59901369301297,0.0720054766280889
Pagrus pagrus,1976,2.090595885717,0.0784721438242594,2.090595885717,0.0784721438242594
Pagrus pagrus,1977,3.30317671475469,0.137063238663525,3.30317671475469,0.137063238663525
Pagrus pagrus,1978,4.32112691780512,0.169486373497353,4.32112691780512,0.169486373497353
Pagrus pagrus,1979,3.98644893061426,0.1410561910598,3.98644893061426,0.1410561910598
Pagrus pagrus,1980,3.89825352175918,0.134374243320495,3.89825352175918,0.134374243320495
Pagrus pagrus,1981,4.47663647616011,0.197806315425726,4.47663647616011,0.197806315425726
Pagrus pagrus,1982,3.60399592629446,0.138559248819742,3.60399592629446,0.138559248819742
Pagrus pagrus,1983,3.04424145640452,0.134410647689253,3.04424145640452,0.134410647689253
Pagrus pagrus,1984,2.45085713326502,0.148887959474489,2.45085713326502,0.148887959474489
Pagrus pagrus,1985,2.18623479699011,0.159218173857087,2.18623479699011,0.159218173857087
Pagrus pagrus,1986,1.45687575328473,0.107547548146177,1.45687575328473,0.107547548146177
Pagrus pagrus,1987,1.28959755011004,0.173822454486737,1.28959755011004,0.173822454486737
Pagrus pagrus,1988,1.51230622039976,0.21154317099232,1.51230622039976,0.21154317099232
Pagrus pagrus,1989,1.29376377932916,0.245040556586324,1.29376377932916,0.245040556586324
Pagrus pagrus,1990,0.902757906509359,0.177068335248967,0.902757906509359,0.177068335248967
Pagrus pagrus,1991,0.769520284814321,0.221489916183454,0.769520284814321,0.221489916183454
Pagrus pagrus,1992,0.678697391014848,0.251853517293766,0.678697391014848,0.251853517293766
Pagrus pagrus,1993,0.498952677246415,0.185351105754047,0.498952677246415,0.185351105754047
Pagrus pagrus,1994,0.429807986473924,0.207421053725594,0.429807986473924,0.207421053725594
Pagrus pagrus,1995,0.389343647035954,0.182004754147726,0.389343647035954,0.182004754147726
Pagrus pagrus,1996,0.508692293242168,0.265620247937826,0.508692293242168,0.265620247937826
Pagrus pagrus,1997,0.553642309080399,0.270481563919587,0.553642309080399,0.270481563919587
Pagrus pagrus,1998,0.525120090838769,0.210630829974214,0.525120090838769,0.210630829974214
Pagrus pagrus,1999,0.611448781448801,0.334552856074011,0.611448781448801,0.334552856074011
Pagrus pagrus,2000,0.537664217742286,0.286845770146285,0.537664217742286,0.286845770146285
Pagrus pagrus,2001,0.49993910992198,0.260442828474381,0.49993910992198,0.260442828474381
Pagrus pagrus,2002,0.537435657949309,0.268886251081141,0.537435657949309,0.268886251081141
Pagrus pagrus,2003,0.661944432944097,0.30515558477972,0.661944432944097,0.30515558477972
Pagrus pagrus,2004,0.801949325984787,0.302393714694158,0.801949325984787,0.302393714694158
Pagrus pagrus,2005,0.979257351868649,0.294749856413722,0.979257351868649,0.294749856413722
Pagrus pagrus,2006,1.1352817169926,0.341473496344924,1.1352817169926,0.341473496344924
Pagrus pagrus,2007,1.1858185872334,0.301967713132591,1.1858185872334,0.301967713132591
Pagrus pagrus,2008,1.36671056439038,0.372928371010523,1.36671056439038,0.372928371010523
Pagrus pagrus,2009,1.32739663019047,0.409925448041385,1.32739663019047,0.409925448041385
Pagrus pagrus,2010,1.1540810479251,0.394474375388266,1.1540810479251,0.394474375388266
Pagrus pagrus,2011,0.968071165383075,0.341635597717972,0.968071165383075,0.341635597717972
Pagrus pagrus,2012,0.836312908113938,0.346695842703727,0.836312908113938,0.346695842703727
Pagrus pagrus,2013,0.791834926925527,0.439528122138331,0.791834926925527,0.439528122138331
Pagrus pagrus,2014,0.729767152022285,0.40539274515871,0.729767152022285,0.40539274515871
Pagrus pagrus,2015,0.686080962798129,0.444335664669462,0.686080962798129,0.444335664669462
Pagrus pagrus,2016,0.613714821322037,0.449493917282157,0.613714821322037,0.449493917282157
Pagrus pagrus,2017,0.637565821544012,0.494245162732512,0.637565821544012,0.494245162732512
Pagrus pagrus,2018,0.678781597603906,0.522947436016856,0.678781597603906,0.522947436016856
Pagrus pagrus,2019,0.712212751911848,0.565778698860589,0.712212751911848,0.565778698860589
Percophis brasiliensis,1950,1.45274953718735,0.0533287850839273,1.45274953718735,0.0533287850839273
Percophis brasiliensis,1951,1.33176601607813,0.058173408026725,1.33176601607813,0.058173408026725
Percophis brasiliensis,1952,1.20032655615391,0.06454357562302,1.20032655615391,0.06454357562302
Percophis brasiliensis,1953,0.979404914469228,0.0791024904050277,0.979404914469228,0.0791024904050277
Percophis brasiliensis,1954,0.571905926971445,0.0270930459698863,0.571905926971445,0.0270930459698863
Percophis brasiliensis,1955,0.804919264533716,0.0577499169889931,0.804919264533716,0.0577499169889931
Percophis brasiliensis,1956,1.20074465596517,0.0967816522828896,1.20074465596517,0.0967816522828896
Percophis brasiliensis,1957,1.09589022464791,0.106041690271938,1.09589022464791,0.106041690271938
Percophis brasiliensis,1958,0.599424302794142,0.0387738872890071,0.599424302794142,0.0387738872890071
Percophis brasiliensis,1959,0.612900546556516,0.0758426811182116,0.612900546556516,0.0758426811182116
Percophis brasiliensis,1960,0.612380532738479,0.0632559035661937,0.612380532738479,0.0632559035661937
Percophis brasiliensis,1961,0.780830259461838,0.0496096090735745,0.780830259461838,0.0496096090735745
Percophis brasiliensis,1962,1.74613189539356,0.133105697319579,1.74613189539356,0.133105697319579
Percophis brasiliensis,1963,2.39218715766485,0.129543990905904,2.39218715766485,0.129543990905904
Percophis brasiliensis,1964,1.99308400923982,0.0894035300206301,1.99308400923982,0.0894035300206301
Percophis brasiliensis,1965,1.84079658398583,0.088382428509045,1.84079658398583,0.088382428509045
Percophis brasiliensis,1966,2.05919641469712,0.101582389955867,2.05919641469712,0.101582389955867
Percophis brasiliensis,1967,2.38331442336008,0.120274294584595,2.38331442336008,0.120274294584595
Percophis brasiliensis,1968,2.34970173902911,0.121994828654878,2.34970173902911,0.121994828654878
Percophis brasiliensis,1969,2.08768669692805,0.0890632119811134,2.08768669692805,0.0890632119811134
Percophis brasiliensis,1970,2.10941487647744,0.0954912941284058,2.10941487647744,0.0954912941284058
Percophis brasiliensis,1971,2.20969632179499,0.101675856789618,2.20969632179499,0.101675856789618
Percophis brasiliensis,1972,2.33796626210799,0.106038646124293,2.33796626210799,0.106038646124293
Percophis brasiliensis,1973,2.57204798683816,0.120485104859459,2.57204798683816,0.120485104859459
Percophis brasiliensis,1974,2.39371330016155,0.126224863517457,2.39371330016155,0.126224863517457
Percophis brasiliensis,1975,1.73851359040432,0.0820850319297639,1.73851359040432,0.0820850319297639
Percophis brasiliensis,1976,1.95696487614553,0.105701382114443,1.95696487614553,0.105701382114443
Percophis brasiliensis,1977,2.37100175044689,0.153868333979191,2.37100175044689,0.153868333979191
Percophis brasiliensis,1978,2.26750405306707,0.139332229048354,2.26750405306707,0.139332229048354
Percophis brasiliensis,1979,1.87391352384248,0.119770919951315,1.87391352384248,0.119770919951315
Percophis brasiliensis,1980,1.69545387872063,0.122736140838357,1.69545387872063,0.122736140838357
Percophis brasiliensis,1981,1.61242673224697,0.131218221185141,1.61242673224697,0.131218221185141
Percophis brasiliensis,1982,1.62923875629273,0.166146273049562,1.62923875629273,0.166146273049562
Percophis brasiliensis,1983,1.19191755387687,0.135457773965221,1.19191755387687,0.135457773965221
Percophis brasiliensis,1984,0.971278170145931,0.168781355751857,0.971278170145931,0.168781355751857
Percophis brasiliensis,1985,0.87406132916456,0.145363167358659,0.87406132916456,0.145363167358659
Percophis brasiliensis,1986,0.920838782325477,0.195442065395802,0.920838782325477,0.195442065395802
Percophis brasiliensis,1987,0.821662032212807,0.212620807158384,0.821662032212807,0.212620807158384
Percophis brasiliensis,1988,1.04074027993295,0.242304268617499,1.04074027993295,0.242304268617499
Percophis brasiliensis,1989,1.14370824615274,0.287347780802335,1.14370824615274,0.287347780802335
Percophis brasiliensis,1990,1.13524157183413,0.261510812292934,1.13524157183413,0.261510812292934
Percophis brasiliensis,1991,1.20436492296549,0.298220685857928,1.20436492296549,0.298220685857928
Percophis brasiliensis,1992,1.23518102029194,0.240728104562253,1.23518102029194,0.240728104562253
Percophis brasiliensis,1993,1.50700614217384,0.293338576783256,1.50700614217384,0.293338576783256
Percophis brasiliensis,1994,1.72587482766391,0.278897418707992,1.72587482766391,0.278897418707992
Percophis brasiliensis,1995,2.01581173638476,0.358194059159378,2.01581173638476,0.358194059159378
Percophis brasiliensis,1996,2.21941237367869,0.322227931636154,2.21941237367869,0.322227931636154
Percophis brasiliensis,1997,2.44889155423025,0.376058270949345,2.44889155423025,0.376058270949345
Percophis brasiliensis,1998,2.16474273316404,0.364472307074329,2.16474273316404,0.364472307074329
Percophis brasiliensis,1999,1.88891816759326,0.35301332186864,1.88891816759326,0.35301332186864
Percophis brasiliensis,2000,1.6750901809549,0.363619597892378,1.6750901809549,0.363619597892378
Percophis brasiliensis,2001,1.58996833102775,0.436441998425763,1.58996833102775,0.436441998425763
Percophis brasiliensis,2002,1.35667310186972,0.35291140706607,1.35667310186972,0.35291140706607
Percophis brasiliensis,2003,1.37100383992746,0.394542333560062,1.37100383992746,0.394542333560062
Percophis brasiliensis,2004,1.42031052141619,0.370754474695842,1.42031052141619,0.370754474695842
Percophis brasiliensis,2005,1.61060118135352,0.407858067906887,1.61060118135352,0.407858067906887
Percophis brasiliensis,2006,1.63089367387367,0.43413566446323,1.63089367387367,0.43413566446323
Percophis brasiliensis,2007,1.51859311531024,0.437568871704578,1.51859311531024,0.437568871704578
Percophis brasiliensis,2008,1.5040119592299,0.454173705293052,1.5040119592299,0.454173705293052
Percophis brasiliensis,2009,1.41908428222206,0.48512153600359,1.41908428222206,0.48512153600359
Percophis brasiliensis,2010,1.37423282313892,0.482350678981559,1.37423282313892,0.482350678981559
Percophis brasiliensis,2011,1.39706875590431,0.481342689893489,1.39706875590431,0.481342689893489
Percophis brasiliensis,2012,1.30844149890201,0.530939816635965,1.30844149890201,0.530939816635965
Percophis brasiliensis,2013,1.1291176575997,0.47693646122428,1.1291176575997,0.47693646122428
Percophis brasiliensis,2014,1.18435308224375,0.568906258013941,1.18435308224375,0.568906258013941
Percophis brasiliensis,2015,1.17324529869648,0.635505373864607,1.17324529869648,0.635505373864607
Percophis brasiliensis,2016,0.973833008066312,0.630314939406232,0.973833008066312,0.630314939406232
Percophis brasiliensis,2017,0.905545475061694,0.622579112111359,0.905545475061694,0.622579112111359
Percophis brasiliensis,2018,0.937116300829444,0.68717045365081,0.937116300829444,0.68717045365081
Percophis brasiliensis,2019,0.920428957512691,0.730435391791944,0.920428957512691,0.730435391791944
Pogonias cromis,1950,1.57733131127814,0.164025034669401,1.57733131127814,0.164025034669401
Pogonias cromis,1951,1.79554560466678,0.120075768958977,1.79554560466678,0.120075768958977
Pogonias cromis,1952,2.23832832667191,0.134851586899488,2.23832832667191,0.134851586899488
Pogonias cromis,1953,2.60980186835109,0.181746878163777,2.60980186835109,0.181746878163777
Pogonias cromis,1954,2.13749749327516,0.100866326093754,2.13749749327516,0.100866326093754
Pogonias cromis,1955,2.37378160396431,0.145321890654952,2.37378160396431,0.145321890654952
Pogonias cromis,1956,2.4147367947982,0.14285715587436,2.4147367947982,0.14285715587436
Pogonias cromis,1957,2.36339855018045,0.145960329316314,2.36339855018045,0.145960329316314
Pogonias cromis,1958,2.42739823473097,0.142112005254989,2.42739823473097,0.142112005254989
Pogonias cromis,1959,2.61163553060139,0.165108428534533,2.61163553060139,0.165108428534533
Pogonias cromis,1960,2.86213709793575,0.150657716107849,2.86213709793575,0.150657716107849
Pogonias cromis,1961,3.57685653094921,0.204941170794401,3.57685653094921,0.204941170794401
Pogonias cromis,1962,3.90071240826991,0.232143845991194,3.90071240826991,0.232143845991194
Pogonias cromis,1963,3.36481116708633,0.192226108814274,3.36481116708633,0.192226108814274
Pogonias cromis,1964,2.91436057192281,0.236732842197657,2.91436057192281,0.236732842197657
Pogonias cromis,1965,2.11250479141832,0.204119318504855,2.11250479141832,0.204119318504855
Pogonias cromis,1966,1.67943242327425,0.154053130945942,1.67943242327425,0.154053130945942
Pogonias cromis,1967,2.00600369248113,0.236451878915604,2.00600369248113,0.236451878915604
Pogonias cromis,1968,2.26846055088187,0.209094816312502,2.26846055088187,0.209094816312502
Pogonias cromis,1969,2.87949316071924,0.23959940964324,2.87949316071924,0.23959940964324
Pogonias cromis,1970,3.147999629274,0.232860626284567,3.147999629274,0.232860626284567
Pogonias cromis,1971,3.1900520511284,0.229790973146358,3.1900520511284,0.229790973146358
Pogonias cromis,1972,2.88778307128362,0.19411567144555,2.88778307128362,0.19411567144555
Pogonias cromis,1973,3.25253171115257,0.172346959123934,3.25253171115257,0.172346959123934
Pogonias cromis,1974,4.97541624676657,0.294753536334591,4.97541624676657,0.294753536334591
Pogonias cromis,1975,6.19307462093619,0.36769833805884,6.19307462093619,0.36769833805884
Pogonias cromis,1976,4.49384106997303,0.221558306151912,4.49384106997303,0.221558306151912
Pogonias cromis,1977,4.2880564307647,0.326414795403059,4.2880564307647,0.326414795403059
Pogonias cromis,1978,3.42256412399727,0.328829465088832,3.42256412399727,0.328829465088832
Pogonias cromis,1979,2.16683124256313,0.243379043812191,2.16683124256313,0.243379043812191
Pogonias cromis,1980,1.63034664771483,0.239623857480892,1.63034664771483,0.239623857480892
Pogonias cromis,1981,1.45170302204754,0.270299612903244,1.45170302204754,0.270299612903244
Pogonias cromis,1982,1.43139280701707,0.312393319702235,1.43139280701707,0.312393319702235
Pogonias cromis,1983,1.25363707064945,0.321604115184722,1.25363707064945,0.321604115184722
Pogonias cromis,1984,1.0510844622564,0.349529463974961,1.0510844622564,0.349529463974961
Pogonias cromis,1985,1.0049183596705,0.30208119504033,1.0049183596705,0.30208119504033
Pogonias cromis,1986,1.19081895461884,0.55981633036894,1.19081895461884,0.55981633036894
Pogonias cromis,1987,0.929156647401768,0.548542587269619,0.929156647401768,0.548542587269619
Pogonias cromis,1988,0.850201988202611,0.474210654013316,0.850201988202611,0.474210654013316
Pogonias cromis,1989,0.778003352632725,0.603016560469663,0.778003352632725,0.603016560469663
Pogonias cromis,1990,0.68359238065648,0.515355191647808,0.68359238065648,0.515355191647808
Pogonias cromis,1991,0.701647287696744,0.625620166642469,0.701647287696744,0.625620166642469
Pogonias cromis,1992,0.724867958745543,0.656737752867573,0.724867958745543,0.656737752867573
Pogonias cromis,1993,0.691956449649377,0.709784930747895,0.691956449649377,0.709784930747895
Pogonias cromis,1994,0.5708639682719,0.75610699814798,0.5708639682719,0.75610699814798
Pogonias cromis,1995,0.375606773992541,0.748507216799993,0.375606773992541,0.748507216799993
Pogonias cromis,1996,0.244629601070001,0.585208854979904,0.244629601070001,0.585208854979904
Pogonias cromis,1997,0.187483090772399,0.374892983487356,0.187483090772399,0.374892983487356
Pogonias cromis,1998,0.266840442667275,1.53516042152278,0.266840442667275,1.53516042152278
Pogonias cromis,1999,0.176833629898225,0.475501139286068,0.176833629898225,0.475501139286068
Pogonias cromis,2000,0.192817679547239,0.798368101187087,0.192817679547239,0.798368101187087
Pogonias cromis,2001,0.216567895866652,0.772537306211281,0.216567895866652,0.772537306211281
Pogonias cromis,2002,0.270850549982557,0.854921770015238,0.270850549982557,0.854921770015238
Pogonias cromis,2003,0.333729350142385,1.10213917824826,0.333729350142385,1.10213917824826
Pogonias cromis,2004,0.322098462112069,0.848755143160962,0.322098462112069,0.848755143160962
Pogonias cromis,2005,0.32321484558935,0.937876895524812,0.32321484558935,0.937876895524812
Pogonias cromis,2006,0.286863279545816,0.843275949798773,0.286863279545816,0.843275949798773
Pogonias cromis,2007,0.275069570116434,1.10046535791792,0.275069570116434,1.10046535791792
Pogonias cromis,2008,0.228450173828275,0.951307358155427,0.228450173828275,0.951307358155427
Pogonias cromis,2009,0.197491683726165,0.737988679911344,0.197491683726165,0.737988679911344
Pogonias cromis,2010,0.26005680024917,1.23860890908524,0.26005680024917,1.23860890908524
Pogonias cromis,2011,0.286608225830508,0.908720028590525,0.286608225830508,0.908720028590525
Pogonias cromis,2012,0.345689001671778,1.32346248069834,0.345689001671778,1.32346248069834
Pogonias cromis,2013,0.323842003701453,1.14111511061851,0.323842003701453,1.14111511061851
Pogonias cromis,2014,0.326578267676094,1.43787923219237,0.326578267676094,1.43787923219237
Pogonias cromis,2015,0.282781989651965,1.41964496823018,0.282781989651965,1.41964496823018
Pogonias cromis,2016,0.207138087444179,1.14078134030448,0.207138087444179,1.14078134030448
Pogonias cromis,2017,0.204670656962686,1.43263362925537,0.204670656962686,1.43263362925537
Pogonias cromis,2018,0.213695558048743,0.958473096457583,0.213695558048743,0.958473096457583
Pogonias cromis,2019,0.348192269330883,1.1096108569995,0.348192269330883,1.1096108569995
Rajiformes,1950,1.16736051730386,0.00685087082568218,1.16736051730386,0.00685087082568218
Rajiformes,1951,0.487028984517823,0.0136840522933969,0.487028984517823,0.0136840522933969
Rajiformes,1952,0.36029094307309,0.0184976342610697,0.36029094307309,0.0184976342610697
Rajiformes,1953,0.326963841335385,0.0203830798700022,0.326963841335385,0.0203830798700022
Rajiformes,1954,0.327223456271819,0.020366908193176,0.327223456271819,0.020366908193176
Rajiformes,1955,0.36128246761077,0.0184468682818065,0.36128246761077,0.0184468682818065
Rajiformes,1956,0.497905418752042,0.0294472918980098,0.497905418752042,0.0294472918980098
Rajiformes,1957,0.560289144796137,0.0261685708883883,0.560289144796137,0.0261685708883883
Rajiformes,1958,0.606678411838268,0.0263646635680265,0.606678411838268,0.0263646635680265
Rajiformes,1959,0.622791830398755,0.0278227449282925,0.622791830398755,0.0278227449282925
Rajiformes,1960,0.648307583871605,0.0267277117709001,0.648307583871605,0.0267277117709001
Rajiformes,1961,0.766286305220717,0.0278309766869595,0.766286305220717,0.0278309766869595
Rajiformes,1962,0.990355581955452,0.0309553851003303,0.990355581955452,0.0309553851003303
Rajiformes,1963,1.34255995199628,0.0387195630590139,1.34255995199628,0.0387195630590139
Rajiformes,1964,1.46870908388078,0.0408391093179524,1.46870908388078,0.0408391093179524
Rajiformes,1965,1.31858528743013,0.032347541716772,1.31858528743013,0.032347541716772
Rajiformes,1966,1.39030200228354,0.0354725251087943,1.39030200228354,0.0354725251087943
Rajiformes,1967,1.63664785275781,0.0415350234501464,1.63664785275781,0.0415350234501464
Rajiformes,1968,1.77194120412503,0.0458859847830898,1.77194120412503,0.0458859847830898
Rajiformes,1969,1.63583114488914,0.03259275317438,1.63583114488914,0.03259275317438
Rajiformes,1970,1.7095808938437,0.0343054049244251,1.7095808938437,0.0343054049244251
Rajiformes,1971,1.96056509849637,0.0394317684900017,1.96056509849637,0.0394317684900017
Rajiformes,1972,2.16644633173979,0.0344539977487125,2.16644633173979,0.0344539977487125
Rajiformes,1973,3.3758688352877,0.0655423566104085,3.3758688352877,0.0655423566104085
Rajiformes,1974,2.91838796934233,0.0497877892192457,2.91838796934233,0.0497877892192457
Rajiformes,1975,2.67154409849243,0.0512647698681153,2.67154409849243,0.0512647698681153
Rajiformes,1976,1.98074480678968,0.0388618070864048,1.98074480678968,0.0388618070864048
Rajiformes,1977,1.86377555475107,0.043653637994312,1.86377555475107,0.043653637994312
Rajiformes,1978,2.1197309731202,0.0503487405974295,2.1197309731202,0.0503487405974295
Rajiformes,1979,2.09936130182106,0.0493071303674929,2.09936130182106,0.0493071303674929
Rajiformes,1980,2.03518161820953,0.057699528720143,2.03518161820953,0.057699528720143
Rajiformes,1981,1.48421312602272,0.0437263307427316,1.48421312602272,0.0437263307427316
Rajiformes,1982,1.40311837812489,0.0483054545488379,1.40311837812489,0.0483054545488379
Rajiformes,1983,1.3604154295588,0.0542503448882114,1.3604154295588,0.0542503448882114
Rajiformes,1984,1.28575160174739,0.0619516736808316,1.28575160174739,0.0619516736808316
Rajiformes,1985,1.4065392213833,0.066705039729025,1.4065392213833,0.066705039729025
Rajiformes,1986,1.43634039685162,0.0744802814708651,1.43634039685162,0.0744802814708651
Rajiformes,1987,1.19275605418368,0.0899700011361957,1.19275605418368,0.0899700011361957
Rajiformes,1988,1.30198371024334,0.0891174505474176,1.30198371024334,0.0891174505474176
Rajiformes,1989,1.25942598679232,0.108893020854382,1.25942598679232,0.108893020854382
Rajiformes,1990,1.07482967352588,0.0796894083398097,1.07482967352588,0.0796894083398097
Rajiformes,1991,1.29336662479209,0.134005135330058,1.29336662479209,0.134005135330058
Rajiformes,1992,1.22162147738902,0.0956563655809215,1.22162147738902,0.0956563655809215
Rajiformes,1993,1.30843638626117,0.092946318526203,1.30843638626117,0.092946318526203
Rajiformes,1994,1.66074598821056,0.113799910224646,1.66074598821056,0.113799910224646
Rajiformes,1995,1.94370217792357,0.130499424347571,1.94370217792357,0.130499424347571
Rajiformes,1996,2.33411028458203,0.139371753351152,2.33411028458203,0.139371753351152
Rajiformes,1997,2.36555444313082,0.130650520181009,2.36555444313082,0.130650520181009
Rajiformes,1998,2.22656221054237,0.133233000216492,2.22656221054237,0.133233000216492
Rajiformes,1999,2.32232557406376,0.146518753530928,2.32232557406376,0.146518753530928
Rajiformes,2000,2.33829223349409,0.155904292389193,2.33829223349409,0.155904292389193
Rajiformes,2001,2.4305138698497,0.169522961194535,2.4305138698497,0.169522961194535
Rajiformes,2002,2.43363890524171,0.164375969423041,2.43363890524171,0.164375969423041
Rajiformes,2003,2.58857362379367,0.178259845617664,2.58857362379367,0.178259845617664
Rajiformes,2004,2.73992745284259,0.180530846886214,2.73992745284259,0.180530846886214
Rajiformes,2005,2.87160845312335,0.181438257366893,2.87160845312335,0.181438257366893
Rajiformes,2006,2.77211583910534,0.185377746170077,2.77211583910534,0.185377746170077
Rajiformes,2007,2.74898192768551,0.20386953398922,2.74898192768551,0.20386953398922
Rajiformes,2008,2.66467460615523,0.198159549392026,2.66467460615523,0.198159549392026
Rajiformes,2009,2.41850684086284,0.204556542686094,2.41850684086284,0.204556542686094
Rajiformes,2010,2.29231279716766,0.201147146913074,2.29231279716766,0.201147146913074
Rajiformes,2011,2.36957209136607,0.201805788033394,2.36957209136607,0.201805788033394
Rajiformes,2012,2.04575561346613,0.1973405680661,2.04575561346613,0.1973405680661
Rajiformes,2013,1.85188168128406,0.204106716876461,1.85188168128406,0.204106716876461
Rajiformes,2014,1.90769991223721,0.220167409823715,1.90769991223721,0.220167409823715
Rajiformes,2015,1.90049693733095,0.244059307621974,1.90049693733095,0.244059307621974
Rajiformes,2016,1.57420728680096,0.256353337555512,1.57420728680096,0.256353337555512
Rajiformes,2017,1.39767989536327,0.263807037938458,1.39767989536327,0.263807037938458
Rajiformes,2018,1.22783575482429,0.276915700009,1.22783575482429,0.276915700009
Rajiformes,2019,1.03498259147311,0.262774671363474,1.03498259147311,0.262774671363474
Scomber colias,1950,1.56787474084275,0.172226724493227,1.56787474084275,0.172226724493227
Scomber colias,1951,2.4752638944361,0.227273688910156,2.4752638944361,0.227273688910156
Scomber colias,1952,2.66745976624993,0.21692382161344,2.66745976624993,0.21692382161344
Scomber colias,1953,2.3678618415539,0.185993097745274,2.3678618415539,0.185993097745274
Scomber colias,1954,2.3856580542544,0.194038056866745,2.3856580542544,0.194038056866745
Scomber colias,1955,2.24636146140098,0.204639288493333,2.24636146140098,0.204639288493333
Scomber colias,1956,2.01674138686765,0.165773744680246,2.01674138686765,0.165773744680246
Scomber colias,1957,2.35376523526772,0.263588697661067,2.35376523526772,0.263588697661067
Scomber colias,1958,2.03624294599939,0.213126177170512,2.03624294599939,0.213126177170512
Scomber colias,1959,1.62291273092054,0.196097766385596,1.62291273092054,0.196097766385596
Scomber colias,1960,1.69022684476837,0.287186864266807,1.69022684476837,0.287186864266807
Scomber colias,1961,1.39778924768152,0.227680647923239,1.39778924768152,0.227680647923239
Scomber colias,1962,1.2985587869646,0.212896957672134,1.2985587869646,0.212896957672134
Scomber colias,1963,1.47956373287005,0.284623161119294,1.47956373287005,0.284623161119294
Scomber colias,1964,1.48143173521249,0.256054836170661,1.48143173521249,0.256054836170661
Scomber colias,1965,1.44046629609995,0.254410112271096,1.44046629609995,0.254410112271096
Scomber colias,1966,1.71954413476404,0.325288373220663,1.71954413476404,0.325288373220663
Scomber colias,1967,1.73025283632706,0.299122392371338,1.73025283632706,0.299122392371338
Scomber colias,1968,1.86457235918624,0.349984987233079,1.86457235918624,0.349984987233079
Scomber colias,1969,1.61561066362313,0.290501757530905,1.61561066362313,0.290501757530905
Scomber colias,1970,1.47245105157233,0.266349314622987,1.47245105157233,0.266349314622987
Scomber colias,1971,1.54252276493911,0.337610582924579,1.54252276493911,0.337610582924579
Scomber colias,1972,1.27264371459631,0.224810084652943,1.27264371459631,0.224810084652943
Scomber colias,1973,1.38021981272281,0.402930799222001,1.38021981272281,0.402930799222001
Scomber colias,1974,1.05155201065878,0.280208763846893,1.05155201065878,0.280208763846893
Scomber colias,1975,0.892340543747969,0.343748970314322,0.892340543747969,0.343748970314322
Scomber colias,1976,0.629038255922674,0.241415666463459,0.629038255922674,0.241415666463459
Scomber colias,1977,0.656202180681633,0.362466586140797,0.656202180681633,0.362466586140797
Scomber colias,1978,0.733155729293421,0.309338093646574,0.733155729293421,0.309338093646574
Scomber colias,1979,0.957131523820191,0.343620514554788,0.957131523820191,0.343620514554788
Scomber colias,1980,1.14389171709182,0.319920884048476,1.14389171709182,0.319920884048476
Scomber colias,1981,1.60874815419911,0.385757486929251,1.60874815419911,0.385757486929251
Scomber colias,1982,2.1787704502618,0.505470512053948,2.1787704502618,0.505470512053948
Scomber colias,1983,2.25113931079803,0.385804572254923,2.25113931079803,0.385804572254923
Scomber colias,1984,2.85114290288964,0.811433751070078,2.85114290288964,0.811433751070078
Scomber colias,1985,2.37487317899626,0.661953829286303,2.37487317899626,0.661953829286303
Scomber colias,1986,1.62825846101534,0.80390805391952,1.62825846101534,0.80390805391952
Scomber colias,1987,0.64330366403203,0.497109852826306,0.64330366403203,0.497109852826306
Scomber colias,1988,0.571654345617701,0.541814756681269,0.571654345617701,0.541814756681269
Scomber colias,1989,0.540046465741451,0.782757511734853,0.540046465741451,0.782757511734853
Scomber colias,1990,0.438874420277581,0.656736395739238,0.438874420277581,0.656736395739238
Scomber colias,1991,0.450537590995014,0.81804208306572,0.450537590995014,0.81804208306572
Scomber colias,1992,0.458045768454683,0.712203662359622,0.458045768454683,0.712203662359622
Scomber colias,1993,0.521903616178254,0.742522345960346,0.521903616178254,0.742522345960346
Scomber colias,1994,0.628853736360738,0.799911261905562,0.628853736360738,0.799911261905562
Scomber colias,1995,0.68114160036981,1.01450190636034,0.68114160036981,1.01450190636034
Scomber colias,1996,0.621197121974927,0.872956338469341,0.621197121974927,0.872956338469341
Scomber colias,1997,0.601598971787743,1.00345521895125,0.601598971787743,1.00345521895125
Scomber colias,1998,0.461157354381875,0.88159881749781,0.461157354381875,0.88159881749781
Scomber colias,1999,0.409822074703865,0.923395014192925,0.409822074703865,0.923395014192925
Scomber colias,2000,0.397205336612197,1.33528867979748,0.397205336612197,1.33528867979748
Scomber colias,2001,0.283038764428654,0.70212704281634,0.283038764428654,0.70212704281634
Scomber colias,2002,0.356161991622746,1.50080775133959,0.356161991622746,1.50080775133959
Scomber colias,2003,0.272656020402495,0.849712583637553,0.272656020402495,0.849712583637553
Scomber colias,2004,0.295207109312511,0.920158232915371,0.295207109312511,0.920158232915371
Scomber colias,2005,0.362428356429857,1.10525718258442,0.362428356429857,1.10525718258442
Scomber colias,2006,0.410632802471147,1.01206946918001,0.410632802471147,1.01206946918001
Scomber colias,2007,0.47634709655181,1.27648419718888,0.47634709655181,1.27648419718888
Scomber colias,2008,0.505337736451838,1.15878777904958,0.505337736451838,1.15878777904958
Scomber colias,2009,0.55112139398555,1.06118149650348,0.55112139398555,1.06118149650348
Scomber colias,2010,0.722303680968505,1.44784994834365,0.722303680968505,1.44784994834365
Scomber colias,2011,0.705282245756625,1.50234628460946,0.705282245756625,1.50234628460946
Scomber colias,2012,0.612146853239761,1.36101128688714,0.612146853239761,1.36101128688714
Scomber colias,2013,0.469287966708173,1.54687636608376,0.469287966708173,1.54687636608376
Scomber colias,2014,0.354035808637635,1.1736796658596,0.354035808637635,1.1736796658596
Scomber colias,2015,0.409388567796829,1.81395992748921,0.409388567796829,1.81395992748921
Scomber colias,2016,0.319273690648468,1.69182841287678,0.319273690648468,1.69182841287678
Scomber colias,2017,0.26894375066851,1.63730023474487,0.26894375066851,1.63730023474487
Scomber colias,2018,0.263163073300502,1.25452151384776,0.263163073300502,1.25452151384776
Scomber colias,2019,0.357568717408963,1.16334192343074,0.357568717408963,1.16334192343074
